<?xml version="1.0"?>
<!--<!DOCTYPE metadata SYSTEM "http://www.esri.com/metadata/esriprof80.dtd">-->
<metadata xml:lang="en"><Esri><MetaID>{B57F17F7-12AB-4B80-AE0F-3A2955F8629D}</MetaID><CreaDate>20040414</CreaDate><CreaTime>09210500</CreaTime><SyncOnce>TRUE</SyncOnce></Esri><idinfo><citation><citeinfo><onlink Sync="TRUE">\\Ws-bco-dot-dbs1\GISserver\G463078-NHPN\NHS-Updates-2004\shapefiles\S19NHPN_Arc</onlink></citeinfo></citation></idinfo><distInfo><distributor><distorTran><onLineSrc><linkage Sync="TRUE">file://\\Ws-bco-dot-dbs1\GISserver\G463078-NHPN\NHS-Updates-2004\shapefiles\S19NHPN_Arc</linkage><protocol Sync="TRUE">Local Area Network</protocol></onLineSrc></distorTran></distributor></distInfo><dataqual><lineage><procstep><procdesc Sync="TRUE">Dataset moved.</procdesc><srcused Sync="TRUE">G:\G463078-NHPN\GISNetworks\Current\S19NHPN_Arc</srcused><date Sync="TRUE">20040414</date><time Sync="TRUE">09210500</time></procstep></lineage></dataqual></metadata>
